ชื่อปั๊มน้ำมัน,แบรนด์,Latitude,Longitude,Google Maps Link,ห่างจากปั๊มก่อนหน้า (KM),น้องกิ๊ฟท์น้องมิ้นท์,เสี่ยโอ๊ค เห้ยโห,,,ฟังชั่นที่เเอบคิดได้สำหรับ ตัว App,Future improvement 
Caltex,Caltex (คาลเท็กซ์),19.91466,99.84561,https://maps.google.com/?cid=7819198058654415296&g_mp=Cilnb29nbGUubWFwcy5wbGFjZXMudjEuUGxhY2VzLlNlYXJjaE5lYXJieRACGAQgAA,0,✅,,,,สำหรับคนมีบัตรปั้ม หรือ อยากเข้าเเค่ปัั้มบางเเบรนด์ ก็จะให้เลือกเเค่เเบรนด์นั้นได้ ดูได้สะดวก,ในอนาคตสามารถเพิ่มเส้นทางอื่นได้ เผื่อมีใครอยากทำต่อ
PT Station - wiang,PT (พีที),19.9143,99.84382,https://maps.google.com/?cid=17091877269411911825&g_mp=Cilnb29nbGUubWFwcy5wbGFjZXMudjEuUGxhY2VzLlNlYXJjaE5lYXJieRACGAQgAA,0.19,✅,,,,กรอกปริมาณน้ำมันได้ ให้ App ช่วยคำนวณ ว่าน้ำมันประมาณนี้ จะไปหมดที่กิโลเมตรเท่าไหร่ + ปั้มเเนะนำ + ระบบเเจ้งเตือน,
PTT Station (Petrol+NGV+EV),PTT (ปตท),19.90324,99.84087,https://maps.google.com/?cid=763582454633483617&g_mp=Cilnb29nbGUubWFwcy5wbGFjZXMudjEuUGxhY2VzLlNlYXJjaE5lYXJieRACGAQgAA,1.04,✅,,,,,
PT Station Chiang Rai 4,PT (พีที),19.89638,99.83892,https://maps.google.com/?cid=1744369372674798028&g_mp=Cilnb29nbGUubWFwcy5wbGFjZXMudjEuUGxhY2VzLlNlYXJjaE5lYXJieRACGAQgAA,0.52,✅,,,,,
Bangchak Station (Petrol+EV),Bangchak (บางจาก),19.88249,99.83384,https://maps.google.com/?cid=7508331087064879376&g_mp=Cilnb29nbGUubWFwcy5wbGFjZXMudjEuUGxhY2VzLlNlYXJjaE5lYXJieRACGAQgAA,0.59,✅,,,,,
PTT Station (Petrol+EV) (Mae Kon Petroleum Company Limited),PTT (ปตท),19.87537,99.82924,https://maps.google.com/?cid=6013310469751993248&g_mp=Cilnb29nbGUubWFwcy5wbGFjZXMudjEuUGxhY2VzLlNlYXJjaE5lYXJieRACGAQgAA,0.6,✅,,,,,
PT STATION - เชียงราย 7 (น้ำมัน+LPG),PT (พีที),19.87137,99.82711,https://maps.google.com/?cid=3637315646974743126&g_mp=Cilnb29nbGUubWFwcy5wbGFjZXMudjEuUGxhY2VzLlNlYXJjaE5lYXJieRACGAQgAA,0.59,✅,,,,,
Bangchak Service Station,Bangchak (บางจาก),19.84005,99.79511,https://maps.google.com/?cid=11673386835964275544&g_mp=Cilnb29nbGUubWFwcy5wbGFjZXMudjEuUGxhY2VzLlNlYXJjaE5lYXJieRACGAQgAA,4.88,✅,,,,,
PT Service Station,PT (พีที),19.84026,99.79571,https://maps.google.com/?cid=17207388795840116416&g_mp=Cilnb29nbGUubWFwcy5wbGFjZXMudjEuUGxhY2VzLlNlYXJjaE5lYXJieRACGAQgAA,4.5,✅,,,,,
ปั๊มน้ำมัน พีที แม่ลาว 1,PT (พีที),19.8023,99.7536,https://maps.google.com/?cid=7714506471407772807&g_mp=Cilnb29nbGUubWFwcy5wbGFjZXMudjEuUGxhY2VzLlNlYXJjaE5lYXJieRACGAQgAA,6.42,✅,,,,,
PT Fuel Station,PT (พีที),19.79429,99.74892,https://maps.google.com/?cid=10581874852496217768&g_mp=Cilnb29nbGUubWFwcy5wbGFjZXMudjEuUGxhY2VzLlNlYXJjaE5lYXJieRACGAQgAA,1.09,✅,,,,,
PTT Station (Petrol+EV) Chom Mok Keao,PTT (ปตท),19.76892,99.73636,https://maps.google.com/?cid=13252311366033969853&g_mp=Cilnb29nbGUubWFwcy5wbGFjZXMudjEuUGxhY2VzLlNlYXJjaE5lYXJieRACGAQgAA,2.73,✅,,,,,
Bangchak - SUSCO - Chom Mok Kaeo,Bangchak (บางจาก),19.75943,99.73454,https://maps.google.com/?cid=15093100982420878458&g_mp=Cilnb29nbGUubWFwcy5wbGFjZXMudjEuUGxhY2VzLlNlYXJjaE5lYXJieRACGAQgAA,1.07,✅,,,,,
PTT Station (Petrol+EV),PTT (ปตท),19.75282,99.73134,https://maps.google.com/?cid=11826794091492339448&g_mp=Cilnb29nbGUubWFwcy5wbGFjZXMudjEuUGxhY2VzLlNlYXJjaE5lYXJieRACGAQgAA,1.05,✅,,,,,
Bangchak,Bangchak (บางจาก),19.72444,99.71564,https://maps.google.com/?cid=2616385037807840664&g_mp=Cilnb29nbGUubWFwcy5wbGFjZXMudjEuUGxhY2VzLlNlYXJjaE5lYXJieRACGAQgAA,4.7,✅,พี่ดูให้ละ ✅,,,,
PT Gas Station Phan3 (Max Mart),PT (พีที),19.59981,99.74942,https://maps.google.com/?cid=16734643049559866678&g_mp=Cilnb29nbGUubWFwcy5wbGFjZXMudjEuUGxhY2VzLlNlYXJjaE5lYXJieRACGAQgAA,14.46,✅,ไกล เเต่ถูกละ ✅,,,,
PT Gas Station Phan 7,PT (พีที),19.5803,99.74483,https://maps.google.com/?cid=2091903735133535674&g_mp=Cilnb29nbGUubWFwcy5wbGFjZXMudjEuUGxhY2VzLlNlYXJjaE5lYXJieRACGAQgAA,2.52,✅,,,,,
PTT Station ปตท.อำเภอพาน (น้ำมัน+EV),PTT (ปตท),19.56536,99.75202,https://maps.google.com/?cid=1051519785353338448&g_mp=Cilnb29nbGUubWFwcy5wbGFjZXMudjEuUGxhY2VzLlNlYXJjaE5lYXJieRACGAQgAA,1.41,✅,,,,,
Bangchak,Bangchak (บางจาก),19.56337,99.75048,https://maps.google.com/?cid=9631332337571569439&g_mp=Cilnb29nbGUubWFwcy5wbGFjZXMudjEuUGxhY2VzLlNlYXJjaE5lYXJieRACGAQgAA,0.6,✅,,,,,
ปั๊ม PT สาขา พาน1,PT (พีที),19.54735,99.74138,https://maps.google.com/?cid=7078972456770024729&g_mp=Cilnb29nbGUubWFwcy5wbGFjZXMudjEuUGxhY2VzLlNlYXJjaE5lYXJieRACGAQgAA,2.7,✅,เเก้ระยะทางให้ละ ✅,,,,
PTT Station,PTT (ปตท),19.54009,99.74157,https://maps.google.com/?cid=1274089390302757570&g_mp=Cilnb29nbGUubWFwcy5wbGFjZXMudjEuUGxhY2VzLlNlYXJjaE5lYXJieRACGAQgAA,0.62,✅,,,,,
PT Gas Station,PT (พีที),19.53643,99.7421,https://maps.google.com/?cid=17901691681063647308&g_mp=Cilnb29nbGUubWFwcy5wbGFjZXMudjEuUGxhY2VzLlNlYXJjaE5lYXJieRACGAQgAA,0.61,✅,,,,,
ปั๊ม บางจาก บมจ.ซัสโก้ สาขา พาน,Bangchak (บางจาก),19.52635,99.74395,https://maps.google.com/?cid=14747378907489691620&g_mp=Cilnb29nbGUubWFwcy5wbGFjZXMudjEuUGxhY2VzLlNlYXJjaE5lYXJieRACGAQgAA,1.21,✅,,,,,
ปั้มน้ำมันคาลเท็กซ์ อ.พาน,Caltex (คาลเท็กซ์),19.47832,99.7514,https://maps.google.com/?cid=13331895786399405856&g_mp=Cilnb29nbGUubWFwcy5wbGFjZXMudjEuUGxhY2VzLlNlYXJjaE5lYXJieRACGAQgAA,4.9,✅,,,,,
ปั๊ม บางจาก บมจ.ซัสโก้ สาขา ศรีถ้อย,Bangchak (บางจาก),19.35996,99.79694,https://maps.google.com/?cid=4544241283171380278&g_mp=Cilnb29nbGUubWFwcy5wbGFjZXMudjEuUGxhY2VzLlNlYXJjaE5lYXJieRACGAQgAA,14.4,✅,,,,,
PT (Petroleum Thai Corporation Company Limited),PT (พีที),19.34999,99.80383,https://maps.google.com/?cid=15371451958785992385&g_mp=Cilnb29nbGUubWFwcy5wbGFjZXMudjEuUGxhY2VzLlNlYXJjaE5lYXJieRACGAQgAA,1.01,✅,,,,,
Caltex Purethai Mae Chai,Caltex (คาลเท็กซ์),19.33092,99.82624,https://maps.google.com/?cid=16999277646094376224&g_mp=Cilnb29nbGUubWFwcy5wbGFjZXMudjEuUGxhY2VzLlNlYXJjaE5lYXJieRACGAQgAA,3.27,✅,,,,,
สถานี น้ำมัน PT สาขา พะเยา2,PT (พีที),19.21781,99.86825,https://maps.google.com/?cid=1173437927762671038&g_mp=Cilnb29nbGUubWFwcy5wbGFjZXMudjEuUGxhY2VzLlNlYXJjaE5lYXJieRACGAQgAA,13.85,✅,,,,,
PTT Charging StationPTT Station,PTT (ปตท),19.20349,99.87139,"https://www.google.com/maps/place/PTT+Charging+Station/@19.2030801,99.8715092,20.75z/data=!4m14!1m7!3m6!1s0x30d9d363ade9ad4d:0xb621c8cf54c9a95f!2sPTT+Station!8m2!3d19.2031992!4d99.8714936!16s%2Fg%2F11bc8wn127!3m5!1s0x30d9d363ac109293:0xb97436e8b0b9d575!8m2!3d19.2031972!4d99.8715055!16s%2Fg%2F11vhcxfg15?entry=ttu&g_ep=EgoyMDI2MDcyMC4wIKXMDSoASAFQAw%3D%3D",1.68,✅,,,,,
"PT Gas Station Phayao (Punthai , Max Mart)",PT (พีที),19.196,99.87598,https://maps.google.com/?cid=16590504049204293100&g_mp=Cilnb29nbGUubWFwcy5wbGFjZXMudjEuUGxhY2VzLlNlYXJjaE5lYXJieRACGAQgAA,0.67,✅,,,,,
Shell,Shell (เชลล์),19.15643,99.91437,https://maps.google.com/?cid=16781796556481753140&g_mp=Cilnb29nbGUubWFwcy5wbGFjZXMudjEuUGxhY2VzLlNlYXJjaE5lYXJieRACGAQgAA,6.17,✅,,,,,
PT Oil+LPG,PT (พีที),19.15132,99.9133,https://maps.google.com/?cid=14679541759910032530&g_mp=Cilnb29nbGUubWFwcy5wbGFjZXMudjEuUGxhY2VzLlNlYXJjaE5lYXJieRACGAQgAA,0.61,✅,,,,,
PTT Station (Petrol+NGV+EV),PTT (ปตท),19.14564,99.91224,https://maps.google.com/?cid=3509684265042731669&g_mp=Cilnb29nbGUubWFwcy5wbGFjZXMudjEuUGxhY2VzLlNlYXJjaE5lYXJieRACGAQgAA,0.53,✅,,,,,
PT Gas Station,PT (พีที),19.09833,99.912,https://maps.google.com/?cid=4003417060890145134&g_mp=Cilnb29nbGUubWFwcy5wbGFjZXMudjEuUGxhY2VzLlNlYXJjaE5lYXJieRACGAQgAA,1.7,✅ ,จริง ✅,,,,
ปั๊ม PT พะเยา7,PT (พีที),19.05903,99.93144,https://maps.google.com/?cid=175428797910878570&g_mp=Cilnb29nbGUubWFwcy5wbGFjZXMudjEuUGxhY2VzLlNlYXJjaE5lYXJieRACGAQgAA,4.62,✅,,,,,
PT Gas Station,PT (พีที),18.82093,99.95041,https://maps.google.com/?cid=15348706086205173452&g_mp=Cilnb29nbGUubWFwcy5wbGFjZXMudjEuUGxhY2VzLlNlYXJjaE5lYXJieRACGAQgAA,31.1,✅ ห่างเยอะ,เออมันไม่มีปั๊มจริงๆ หน้ามอพะเยา อยู่กันยังไงว✅,,,,
PTT Station (Petrol+EV) Ngao,PTT (ปตท),18.78519,99.96716,https://maps.google.com/?cid=15601189515048708784&g_mp=Cilnb29nbGUubWFwcy5wbGFjZXMudjEuUGxhY2VzLlNlYXJjaE5lYXJieRACGAQgAA,4.59,✅,,,,,
Shell,Shell (เชลล์),18.75079,99.97566,https://maps.google.com/?cid=7678970748371373806&g_mp=Cilnb29nbGUubWFwcy5wbGFjZXMudjEuUGxhY2VzLlNlYXJjaE5lYXJieRACGAQgAA,4.21,✅,,,,,
PTT สาขางาว Ngao,PTT (ปตท),18.73885,99.97369,https://maps.google.com/?cid=6757103553932946280&g_mp=Cilnb29nbGUubWFwcy5wbGFjZXMudjEuUGxhY2VzLlNlYXJjaE5lYXJieRACGAQgAA,1.07,✅,,,,,
Caltex งาว By Tanadon Energy,Caltex (คาลเท็กซ์),18.73186,99.9702,https://maps.google.com/?cid=10071932811469552161&g_mp=Cilnb29nbGUubWFwcy5wbGFjZXMudjEuUGxhY2VzLlNlYXJjaE5lYXJieRACGAQgAA,1.07,✅,,,,,
PT Gas Station,PT (พีที),18.60887,100.0381,https://maps.google.com/?cid=13087616396086705822&g_mp=Cilnb29nbGUubWFwcy5wbGFjZXMudjEuUGxhY2VzLlNlYXJjaE5lYXJieRACGAQgAA,16.6,✅,,,,,
PT Gas Station,PT (พีที),18.41341,100.183,https://maps.google.com/?cid=6179408742453618497&g_mp=Cilnb29nbGUubWFwcy5wbGFjZXMudjEuUGxhY2VzLlNlYXJjaE5lYXJieRACGAQgAA,28.65,✅,,,,,
PTT petrol station. Song,PTT (ปตท),18.38761,100.1944,https://maps.google.com/?cid=15454639791147742456&g_mp=Cilnb29nbGUubWFwcy5wbGFjZXMudjEuUGxhY2VzLlNlYXJjaE5lYXJieRACGAQgAA,3.12,✅,,,,,
ปั๊ม บางจาก บมจ.ซัสโก้ สาขา แดนชุมพล,Bangchak (บางจาก),18.3776,100.2002,https://maps.google.com/?cid=16548476768609827303&g_mp=Cilnb29nbGUubWFwcy5wbGFjZXMudjEuUGxhY2VzLlNlYXJjaE5lYXJieRACGAQgAA,1.04,✅,,,,,
PTT (Sathit Service Registered Ordinary Partnership),PTT (ปตท),18.30886,100.296,https://maps.google.com/?cid=10924233016757929792&g_mp=Cilnb29nbGUubWFwcy5wbGFjZXMudjEuUGxhY2VzLlNlYXJjaE5lYXJieRACGAQgAA,13.4,✅,,,,,
Bangchak - Thavat Borikan Prae R.O.P.(Rongkwang),Bangchak (บางจาก),18.30181,100.285,https://maps.google.com/?cid=3924245996308955238&g_mp=Cilnb29nbGUubWFwcy5wbGFjZXMudjEuUGxhY2VzLlNlYXJjaE5lYXJieRACGAQgAA,3.3,✅,จิง เเก้ระยะทางละ✅,,,,
PT Gas Station,PT (พีที),18.29653,100.2793,https://maps.google.com/?cid=9501755571341384698&g_mp=Cilnb29nbGUubWFwcy5wbGFjZXMudjEuUGxhY2VzLlNlYXJjaE5lYXJieRACGAQgAA,0.72,✅อันนี้กลับมาเส้นหลักละ  ,,,,,
ปั๊มน้ำมัน PT,PT (พีที),18.2522,100.2292,https://maps.google.com/?cid=14095546130347463626&g_mp=Cilnb29nbGUubWFwcy5wbGFjZXMudjEuUGxhY2VzLlNlYXJjaE5lYXJieRACGAQgAA,8.06,✅,,,,,
ปั๊มพีที แพร่2,PT (พีที),18.21455,100.2037,https://maps.google.com/?cid=7699038767631544991&g_mp=Cilnb29nbGUubWFwcy5wbGFjZXMudjEuUGxhY2VzLlNlYXJjaE5lYXJieRACGAQgAA,5.08,✅,,,,,
PT (Mae Kham Mee),PT (พีที),18.19642,100.1912,https://maps.google.com/?cid=11379991963598094095&g_mp=Cilnb29nbGUubWFwcy5wbGFjZXMudjEuUGxhY2VzLlNlYXJjaE5lYXJieRACGAQgAA,3.1,อันนี้อยุ่ฝั่งตรงข้าม ไม่แน่ใจระยะทางค่ะ ดูเลี้ยวไกลมาก,อะเคค ✅,,,,
ปั๊มน้ำมันบางจาก - หสน.ธวัชบริการแพร่,Bangchak (บางจาก),18.18998,100.1881,https://maps.google.com/?cid=16597013311972795590&g_mp=Cilnb29nbGUubWFwcy5wbGFjZXMudjEuUGxhY2VzLlNlYXJjaE5lYXJieRACGAQgAA,0.58,✅,,,,,
PTT Station (Petrol+EV),PTT (ปตท),18.18828,100.1859,https://maps.google.com/?cid=7859689836864147509&g_mp=Cilnb29nbGUubWFwcy5wbGFjZXMudjEuUGxhY2VzLlNlYXJjaE5lYXJieRACGAQgAA,0.58,✅,,,,,
Shell,Shell (เชลล์),18.18954,100.1868,https://maps.google.com/?cid=17375199744288227198&g_mp=Cilnb29nbGUubWFwcy5wbGFjZXMudjEuUGxhY2VzLlNlYXJjaE5lYXJieRACGAQgAA,0,✅,,,,,
PT ปั๊มน้ำมัน พีที แพร่4,PT (พีที),18.15921,100.1766,https://maps.google.com/?cid=8533352022282183023&g_mp=Cilnb29nbGUubWFwcy5wbGFjZXMudjEuUGxhY2VzLlNlYXJjaE5lYXJieRACGAQgAA,3.28,✅,,,,,
PTT Station (Petrol+NGV+EV),PTT (ปตท),18.11697,100.1535,https://maps.google.com/?cid=1742812554384178027&g_mp=Cilnb29nbGUubWFwcy5wbGFjZXMudjEuUGxhY2VzLlNlYXJjaE5lYXJieRACGAQgAA,5.67,✅,,,,,
PT Gas Station,PT (พีที),18.1042,100.135,https://maps.google.com/?cid=11220499226266222102&g_mp=Cilnb29nbGUubWFwcy5wbGFjZXMudjEuUGxhY2VzLlNlYXJjaE5lYXJieRACGAQgAA,2.54,✅,,,,,
PT,PT (พีที),18.09264,100.1311,https://maps.google.com/?cid=3842969588575543063&g_mp=Cilnb29nbGUubWFwcy5wbGFjZXMudjEuUGxhY2VzLlNlYXJjaE5lYXJieRACGAQgAA,1.04,✅,,,,,
PT,PT (พีที),18.09003,100.1288,https://maps.google.com/?cid=2102657613065849271&g_mp=Cilnb29nbGUubWFwcy5wbGFjZXMudjEuUGxhY2VzLlNlYXJjaE5lYXJieRACGAQgAA,0.52,✅,อ๋อ เพราะมันมาเส้นนี้ มันก็เลยเรียงเเบบนั้น ออกมาเส้นอิตตระราดุต,,,,
Susco,Susco (ซัสโก้),18.08685,100.1268,https://maps.google.com/?cid=13953579229030005572&g_mp=Cilnb29nbGUubWFwcy5wbGFjZXMudjEuUGxhY2VzLlNlYXJjaE5lYXJieRACGAQgAA,3.5,อันนี้ยูเทิร์น ฝั่งตรงข้าม,U-turn ✅,,,,
ปั๊มน้ำมัน พีที สูงเม่น,PT (พีที),18.06869,100.1197,https://maps.google.com/?cid=9502493535097502936&g_mp=Cilnb29nbGUubWFwcy5wbGFjZXMudjEuUGxhY2VzLlNlYXJjaE5lYXJieRACGAQgAA,4.9,อันนี้ก็อีกฝั่งเหมือนกัน ถ้า2อันโอเคก็เปลี่ยนถูกได้เลย,U-turn ✅,,,,
PTT STATION น้ำชำสูงเม่น,PTT (ปตท),18.04134,100.1116,https://maps.google.com/?cid=1844466285744675165&g_mp=Cilnb29nbGUubWFwcy5wbGFjZXMudjEuUGxhY2VzLlNlYXJjaE5lYXJieRACGAQgAA,4.5,✅,U-turn ✅,,,,
PTT,PTT (ปตท),18.03748,100.1106,https://maps.google.com/?cid=4859118980120440186&g_mp=Cilnb29nbGUubWFwcy5wbGFjZXMudjEuUGxhY2VzLlNlYXJjaE5lYXJieRACGAQgAA,0.5,✅,,,,,
PT Gas Station,PT (พีที),17.97576,100.0831,https://maps.google.com/?cid=13722672855939669556&g_mp=Cilnb29nbGUubWFwcy5wbGFjZXMudjEuUGxhY2VzLlNlYXJjaE5lYXJieRACGAQgAA,7.89,✅,,,,,
ปั๊ม บางจาก บมจ.ซัสโก้ สาขา แม่จั๊วะ,Bangchak (บางจาก),17.97187,100.0746,https://maps.google.com/?cid=15412837922792355894&g_mp=Cilnb29nbGUubWFwcy5wbGFjZXMudjEuUGxhY2VzLlNlYXJjaE5lYXJieRACGAQgAA,1.18,✅,,,,,
Shell (SriMongkol Branch1),Shell (เชลล์),17.96669,100.0666,https://maps.google.com/?cid=7203687025726663421&g_mp=Cilnb29nbGUubWFwcy5wbGFjZXMudjEuUGxhY2VzLlNlYXJjaE5lYXJieRACGAQgAA,1.11,✅,,,,,
PTT Station (Petrol+EV),PTT (ปตท),17.95658,100.0684,https://maps.google.com/?cid=12615455588200417961&g_mp=Cilnb29nbGUubWFwcy5wbGFjZXMudjEuUGxhY2VzLlNlYXJjaE5lYXJieRACGAQgAA,1.04,✅,,,,,
ปั๊ม PT พีที ด่านนาขาม,PT (พีที),17.79567,100.1156,https://maps.google.com/?cid=17680718805345220336&g_mp=Cilnb29nbGUubWFwcy5wbGFjZXMudjEuUGxhY2VzLlNlYXJjaE5lYXJieRACGAQgAA,23.2,✅,,,,,
สถานีบริการน้ำมันพีทีอุตรดิตถ์7 (น้ำมัน+LPG),PT (พีที),17.74413,100.1339,https://maps.google.com/?cid=6969748856561702374&g_mp=Cilnb29nbGUubWFwcy5wbGFjZXMudjEuUGxhY2VzLlNlYXJjaE5lYXJieRACGAQgAA,6.52,✅,,,,,
PTT Station PTT Wang Si Pump Intersection,PTT (ปตท),17.67777,100.1455,https://maps.google.com/?cid=15821369471720287168&g_mp=Cilnb29nbGUubWFwcy5wbGFjZXMudjEuUGxhY2VzLlNlYXJjaE5lYXJieRACGAQgAA,7.84,✅,,,,,
ปั๊มน้ำมัน PT อุตรดิตถ์ 2,PT (พีที),17.67218,100.1485,https://maps.google.com/?cid=11278771986035418867&g_mp=Cilnb29nbGUubWFwcy5wbGFjZXMudjEuUGxhY2VzLlNlYXJjaE5lYXJieRACGAQgAA,1.7,ระยะทาง+ยุเทิร์น,U-turn ✅,,,,
ปั๊ม บางจาก บมจ.ซัสโก้ สาขา คุ้งตะเภา,Bangchak (บางจาก),17.63092,100.1255,https://maps.google.com/?cid=8646663453208691105&g_mp=Cilnb29nbGUubWFwcy5wbGFjZXMudjEuUGxhY2VzLlNlYXJjaE5lYXJieRACGAQgAA,4.79,✅,,,,,
PTT Station (Petrol+EV),PTT (ปตท),17.60529,100.1238,https://maps.google.com/?cid=3038793233568016173&g_mp=Cilnb29nbGUubWFwcy5wbGFjZXMudjEuUGxhY2VzLlNlYXJjaE5lYXJieRACGAQgAA,3.26,✅,,,,,
PTT Station (Petrol+EV),PTT (ปตท),17.59659,100.1272,https://maps.google.com/?cid=13700721859978625475&g_mp=Cilnb29nbGUubWFwcy5wbGFjZXMudjEuUGxhY2VzLlNlYXJjaE5lYXJieRACGAQgAA,0.58,✅,,,,,
ปั๊มเชลล์อุตรดิตถ์-แยก ช้าง ม้า วัว ควาย-ขาล่องถนนสาย11,Shell (เชลล์),17.59885,100.1263,https://maps.google.com/?cid=14711740618418224447&g_mp=Cilnb29nbGUubWFwcy5wbGFjZXMudjEuUGxhY2VzLlNlYXJjaE5lYXJieRACGAQgAA,0,✅,,,,,
PT (Petroleum Thai Corporation Company Limited),PT (พีที),17.58476,100.1397,https://maps.google.com/?cid=5683488597802410596&g_mp=Cilnb29nbGUubWFwcy5wbGFjZXMudjEuUGxhY2VzLlNlYXJjaE5lYXJieRACGAQgAA,2.07,✅,,,,,
ปั๊มน้ำมัน PT (น้ำมัน+LPG) ดงช้างดี,PT (พีที),17.54492,100.1888,https://maps.google.com/?cid=8931369555176819799&g_mp=Cilnb29nbGUubWFwcy5wbGFjZXMudjEuUGxhY2VzLlNlYXJjaE5lYXJieRACGAQgAA,6.87,✅,,,,,
ปั๊ม บางจาก บมจ.ซัสโก้ สาขา หาดกรวด,Bangchak (บางจาก),17.54326,100.1916,https://maps.google.com/?cid=14196250870349297473&g_mp=Cilnb29nbGUubWFwcy5wbGFjZXMudjEuUGxhY2VzLlNlYXJjaE5lYXJieRACGAQgAA,0.57,✅,,,,,
PT Gas Station,PT (พีที),17.492,100.2339,https://maps.google.com/?cid=14938694866901289082&g_mp=Cilnb29nbGUubWFwcy5wbGFjZXMudjEuUGxhY2VzLlNlYXJjaE5lYXJieRACGAQgAA,7.9,อันนี้งงกับระยะทางกับทางยูเทิร์น,U-turn เล็กๆ✅,,,,
PT,PT (พีที),17.48384,100.2341,https://maps.google.com/?cid=17646776377909723564&g_mp=Cilnb29nbGUubWFwcy5wbGFjZXMudjEuUGxhY2VzLlNlYXJjaE5lYXJieRACGAQgAA,0.56,✅,,,,,
ปั๊มน้ำมัน PT พรหมพิราม 2,PT (พีที),17.12129,100.2983,https://maps.google.com/?cid=9245116799132263545&g_mp=Cilnb29nbGUubWFwcy5wbGFjZXMudjEuUGxhY2VzLlNlYXJjaE5lYXJieRACGAQgAA,47.1,มียูเทิร์นไกล,ไกล ไม่มีปั๊มเลยใน 40 กว่าโล ✅,,,,
Bangchak Fuel Station,Bangchak (บางจาก),17.11727,100.3013,https://maps.google.com/?cid=14845881597610741261&g_mp=Cilnb29nbGUubWFwcy5wbGFjZXMudjEuUGxhY2VzLlNlYXJjaE5lYXJieRACGAQgAA,1.02,✅,,,,,
PT Station Phromphiram6 LPG EV,PT (พีที),17.09653,100.3106,https://maps.google.com/?cid=11392321471446056200&g_mp=Cilnb29nbGUubWFwcy5wbGFjZXMudjEuUGxhY2VzLlNlYXJjaE5lYXJieRACGAQgAA,2.05,✅,,,,,
Shell วัดโบสถ์,Shell (เชลล์),16.99354,100.327,https://maps.google.com/?cid=6277595728542628848&g_mp=Cilnb29nbGUubWFwcy5wbGFjZXMudjEuUGxhY2VzLlNlYXJjaE5lYXJieRACGAQgAA,11.62,✅,,,,,
PTT Station,PTT (ปตท),16.98954,100.3272,https://maps.google.com/?cid=10337634876389943258&g_mp=Cilnb29nbGUubWFwcy5wbGFjZXMudjEuUGxhY2VzLlNlYXJjaE5lYXJieRACGAQgAA,0.54,✅,,,,,
Bangchak Station (Petrol+EV),Bangchak (บางจาก),16.95868,100.3391,https://maps.google.com/?cid=8963187285091292639&g_mp=Cilnb29nbGUubWFwcy5wbGFjZXMudjEuUGxhY2VzLlNlYXJjaE5lYXJieRACGAQgAA,3.98,✅,,,,,
ปั๊มน้ำมัน PT,PT (พีที),16.90802,100.3565,https://maps.google.com/?cid=1478638605762279706&g_mp=Cilnb29nbGUubWFwcy5wbGFjZXMudjEuUGxhY2VzLlNlYXJjaE5lYXJieRACGAQgAA,5.85,✅,,,,,
ปั๊ม บางจาก บมจ.ซัสโก้ สาขา ดอนทอง,Bangchak (บางจาก),16.88271,100.3585,https://maps.google.com/?cid=17872145197892924944&g_mp=Cilnb29nbGUubWFwcy5wbGFjZXMudjEuUGxhY2VzLlNlYXJjaE5lYXJieRACGAQgAA,2.56,✅,,,,,
Shell,Shell (เชลล์),16.8592,100.352,https://maps.google.com/?cid=10205519527662845880&g_mp=Cilnb29nbGUubWFwcy5wbGFjZXMudjEuUGxhY2VzLlNlYXJjaE5lYXJieRACGAQgAA,2.63,✅ ฝั้่งยูเทิร์น,,,,,
PTT Station,PTT (ปตท),16.85701,100.3505,https://maps.google.com/?cid=586555317893581215&g_mp=Cilnb29nbGUubWFwcy5wbGFjZXMudjEuUGxhY2VzLlNlYXJjaE5lYXJieRACGAQgAA,7.4,ระยะทาง จากเซลล์,U-turn อ้วน✅,,,,
PTT Station Don thong 1,PTT (ปตท),16.85376,100.3494,https://maps.google.com/?cid=15416855830802502601&g_mp=Cilnb29nbGUubWFwcy5wbGFjZXMudjEuUGxhY2VzLlNlYXJjaE5lYXJieRACGAQgAA,0.57,✅,,,,,
Bangchak,Bangchak (บางจาก),16.85149,100.3471,https://maps.google.com/?cid=8235665383234776919&g_mp=Cilnb29nbGUubWFwcy5wbGFjZXMudjEuUGxhY2VzLlNlYXJjaE5lYXJieRACGAQgAA,0.8,คนละเส้นกับทางไป,อันนี้คนละเส้นยังไงนะ ,,,,
PTT Station,PTT (ปตท),16.83057,100.3625,https://maps.google.com/?cid=174365610411177391&g_mp=Cilnb29nbGUubWFwcy5wbGFjZXMudjEuUGxhY2VzLlNlYXJjaE5lYXJieRACGAQgAA,3.07,✅,,,,,
Shell โกลด์ ปิโตรเลียม สเตชั่น,Shell (เชลล์),16.83132,100.4083,https://maps.google.com/?cid=16249889991185775913&g_mp=Cilnb29nbGUubWFwcy5wbGFjZXMudjEuUGxhY2VzLlNlYXJjaE5lYXJieRACGAQgAA,5.16,✅,,,,,
PTT.Noppornoil Wangthong,PTT (ปตท),16.82767,100.4147,https://maps.google.com/?cid=3258465241641052980&g_mp=Cilnb29nbGUubWFwcy5wbGFjZXMudjEuUGxhY2VzLlNlYXJjaE5lYXJieRACGAQgAA,0.56,✅,,,,,
PT (Song Khwae Service Limited Partnership),PT (พีที),16.825,100.4277,https://maps.google.com/?cid=11056889019753294551&g_mp=Cilnb29nbGUubWFwcy5wbGFjZXMudjEuUGxhY2VzLlNlYXJjaE5lYXJieRACGAQgAA,1.3,✅,,,,,
Bangchak (Gasoline and LPG),Bangchak (บางจาก),16.61165,100.4496,https://maps.google.com/?cid=13429943289878141888&g_mp=Cilnb29nbGUubWFwcy5wbGFjZXMudjEuUGxhY2VzLlNlYXJjaE5lYXJieRACGAQgAA,24.98,✅,,,,,
ปั๊ม PT สาขาสากเหล็ก3,PT (พีที),16.5043,100.4708,https://maps.google.com/?cid=13414915313366086232&g_mp=Cilnb29nbGUubWFwcy5wbGFjZXMudjEuUGxhY2VzLlNlYXJjaE5lYXJieRACGAQgAA,12.23,ระยะทาง จากบางจาก,ระหว่างทางไม่มีปั๊ม ✅,,,,
PTT Station,PTT (ปตท),16.48625,100.482,https://maps.google.com/?cid=9691280449674990439&g_mp=Cilnb29nbGUubWFwcy5wbGFjZXMudjEuUGxhY2VzLlNlYXJjaE5lYXJieRACGAQgAA,2.03,✅,,,,,
ปั๊ม บางจาก บมจ.ซัสโก้ สาขา วังทรายพูน,Bangchak (บางจาก),16.417,100.5203,https://maps.google.com/?cid=395955099478401490&g_mp=Cilnb29nbGUubWFwcy5wbGFjZXMudjEuUGxhY2VzLlNlYXJjaE5lYXJieRACGAQgAA,8.66,✅,,,,,
ปั๊มเอสโซ่,Bangchak (บางจาก),16.40975,100.5252,https://maps.google.com/?cid=13522121561882535528&g_mp=Cilnb29nbGUubWFwcy5wbGFjZXMudjEuUGxhY2VzLlNlYXJjaE5lYXJieRACGAQgAA,1.02,✅,,,,,
Shell,Shell (เชลล์),16.32733,100.5706,https://maps.google.com/?cid=16395742571861913376&g_mp=Cilnb29nbGUubWFwcy5wbGFjZXMudjEuUGxhY2VzLlNlYXJjaE5lYXJieRACGAQgAA,10.71,✅ ฝั้่งยูเทิร์น,,,,,
Esso Gas Station,Bangchak (บางจาก),16.23136,100.6242,https://maps.google.com/?cid=10620345885341518483&g_mp=Cilnb29nbGUubWFwcy5wbGFjZXMudjEuUGxhY2VzLlNlYXJjaE5lYXJieRACGAQgAA,11.78,✅,,,,,
Shell,Shell (เชลล์),16.16674,100.6271,https://maps.google.com/?cid=10358032496593334553&g_mp=Cilnb29nbGUubWFwcy5wbGFjZXMudjEuUGxhY2VzLlNlYXJjaE5lYXJieRACGAQgAA,7.32,✅,,,,,
ปั๊มน้ำมัน PT&LPG,PT (พีที),16.14705,100.6208,https://maps.google.com/?cid=12668574169691150676&g_mp=Cilnb29nbGUubWFwcy5wbGFjZXMudjEuUGxhY2VzLlNlYXJjaE5lYXJieRACGAQgAA,2.15,✅,,,,,
ปั้ม พีที สาขาเขาทราย-ทับคล้อ,PT (พีที),16.14255,100.6196,https://maps.google.com/?cid=14039507822105516349&g_mp=Cilnb29nbGUubWFwcy5wbGFjZXMudjEuUGxhY2VzLlNlYXJjaE5lYXJieRACGAQgAA,2.3,ระยะทาง+ยูเทิร์น,U-turn ✅,,,,
PTT Station ปตท.เขาทราย พิจิตร,PTT (ปตท),16.13907,100.6213,https://maps.google.com/?cid=2813341863793818644&g_mp=Cilnb29nbGUubWFwcy5wbGFjZXMudjEuUGxhY2VzLlNlYXJjaE5lYXJieRACGAQgAA,3.4,ระยะทาง,U-turn อ้วน✅,,,,
PTT Station (Petrol+EV) (Wang Ngio Charoenkij Petroleum Limited Partnership),PTT (ปตท),16.03236,100.6302,https://maps.google.com/?cid=5994661319061738738&g_mp=Cilnb29nbGUubWFwcy5wbGFjZXMudjEuUGxhY2VzLlNlYXJjaE5lYXJieRACGAQgAA,11.94,✅ ฝั้่งยูเทิร์น,,,,,
ปั๊ม บางจาก บมจ.ซัสโก้ สาขา หนองกลับ,Bangchak (บางจาก),15.97393,100.6263,https://maps.google.com/?cid=1145427417629172799&g_mp=Cilnb29nbGUubWFwcy5wbGFjZXMudjEuUGxhY2VzLlNlYXJjaE5lYXJieRACGAQgAA,6.29,✅,,,,,
Bangchak - Vichit Thanaphan Borikan (Branch3),Bangchak (บางจาก),15.87667,100.6068,https://maps.google.com/?cid=10734982012682687295&g_mp=Cilnb29nbGUubWFwcy5wbGFjZXMudjEuUGxhY2VzLlNlYXJjaE5lYXJieRACGAQgAA,11.31,✅,,,,,
ปั๊มน้ำมัน PT,PT (พีที),15.77852,100.6068,https://maps.google.com/?cid=11646683621196076698&g_mp=Cilnb29nbGUubWFwcy5wbGFjZXMudjEuUGxhY2VzLlNlYXJjaE5lYXJieRACGAQgAA,11.19,✅,,,,,
ปั๊มน้ำมันบางจาก - ไพศาลี,Bangchak (บางจาก),15.64894,100.5821,https://maps.google.com/?cid=8673235447708197865&g_mp=Cilnb29nbGUubWFwcy5wbGFjZXMudjEuUGxhY2VzLlNlYXJjaE5lYXJieRACGAQgAA,14.45,✅,,,,,
PT Gas Station,PT (พีที),15.61906,100.5762,https://maps.google.com/?cid=17898368143183500111&g_mp=Cilnb29nbGUubWFwcy5wbGFjZXMudjEuUGxhY2VzLlNlYXJjaE5lYXJieRACGAQgAA,3.64,✅,,,,,
PTT Station (Petrol+EV),PTT (ปตท),15.5917,100.5647,https://maps.google.com/?cid=6981936051612725626&g_mp=Cilnb29nbGUubWFwcy5wbGFjZXMudjEuUGxhY2VzLlNlYXJjaE5lYXJieRACGAQgAA,3.19,✅,,,,,
PT Gas Station,PT (พีที),15.36599,100.5062,https://maps.google.com/?cid=5281469561723255826&g_mp=Cilnb29nbGUubWFwcy5wbGFjZXMudjEuUGxhY2VzLlNlYXJjaE5lYXJieRACGAQgAA,25.62,✅,,,,,
PTT Station Chansen oil ปตท. จันเสนออยล์,PTT (ปตท),15.10416,100.3888,https://maps.google.com/?cid=7637135826609799464&g_mp=Cilnb29nbGUubWFwcy5wbGFjZXMudjEuUGxhY2VzLlNlYXJjaE5lYXJieRACGAQgAA,33.25,✅,,,,,
ปั๊มน้ำมันพีที สาขา อินทร์บุรี3,PT (พีที),15.04299,100.334,https://maps.google.com/?cid=7401559978751396619&g_mp=Cilnb29nbGUubWFwcy5wbGFjZXMudjEuUGxhY2VzLlNlYXJjaE5lYXJieRACGAQgAA,9.73,✅,,,,,
Bangchak Station (Petrol+EV) Patthanan 2018,Bangchak (บางจาก),15.03829,100.3341,https://maps.google.com/?cid=2805745826428681199&g_mp=Cilnb29nbGUubWFwcy5wbGFjZXMudjEuUGxhY2VzLlNlYXJjaE5lYXJieRACGAQgAA,2.8,✅,,,,,
Shell,Shell (เชลล์),15.0329,100.336,https://maps.google.com/?cid=15429017540447646633&g_mp=Cilnb29nbGUubWFwcy5wbGFjZXMudjEuUGxhY2VzLlNlYXJjaE5lYXJieRACGAQgAA,5.4,งงเส้นทาง,ต้องขับวน เเต่ได้อยู่ ✅,,,,
PTT Station,PTT (ปตท),15.02685,100.3368,https://maps.google.com/?cid=11696136989437538606&g_mp=Cilnb29nbGUubWFwcy5wbGFjZXMudjEuUGxhY2VzLlNlYXJjaE5lYXJieRACGAQgAA,5.2,งงเส้นทาง,มันอยู่อีกฝั่งหมดเลยเนาะ เเต่ก็โอเคเเหละ อยู่ในรัศมี วนเอา✅,,,,
PTT Station (With Jiffy),PTT (ปตท),15.02412,100.3389,https://maps.google.com/?cid=12900105214123650469&g_mp=Cilnb29nbGUubWFwcy5wbGFjZXMudjEuUGxhY2VzLlNlYXJjaE5lYXJieRACGAQgAA,0.5,✅,,,,,
บางจาก ท่างาม อินทร์บุรี,Bangchak (บางจาก),15.0216,100.3393,https://maps.google.com/?cid=4378997081528839170&g_mp=Cilnb29nbGUubWFwcy5wbGFjZXMudjEuUGxhY2VzLlNlYXJjaE5lYXJieRACGAQgAA,0.51,✅,,,,,
Shell,Shell (เชลล์),15.01406,100.3413,https://maps.google.com/?cid=1165295542312500152&g_mp=Cilnb29nbGUubWFwcy5wbGFjZXMudjEuUGxhY2VzLlNlYXJjaE5lYXJieRACGAQgAA,0.7,✅,,,,,
PT gas station ( In Buri 2 ),PT (พีที),15.01126,100.3427,https://maps.google.com/?cid=11227891432756237821&g_mp=Cilnb29nbGUubWFwcy5wbGFjZXMudjEuUGxhY2VzLlNlYXJjaE5lYXJieRACGAQgAA,0.51,✅,,,,,
สถานี น้ำมัน PT สาขา อินทร์บุรี1,PT (พีที),15.00592,100.3438,https://maps.google.com/?cid=15519831845870200055&g_mp=Cilnb29nbGUubWFwcy5wbGFjZXMudjEuUGxhY2VzLlNlYXJjaE5lYXJieRACGAQgAA,0.52,✅,,,,,
Bangchak (Bangchak Green Net Company Limited),Bangchak (บางจาก),14.98113,100.3571,https://maps.google.com/?cid=4403474009046155182&g_mp=Cilnb29nbGUubWFwcy5wbGFjZXMudjEuUGxhY2VzLlNlYXJjaE5lYXJieRACGAQgAA,5.6,✅,,,,,
PTT Station (Petrol+EV) (With Jiffy),PTT (ปตท),14.91608,100.402,https://maps.google.com/?cid=16392449268869469759&g_mp=Cilnb29nbGUubWFwcy5wbGFjZXMudjEuUGxhY2VzLlNlYXJjaE5lYXJieRACGAQgAA,8.49,✅,,,,,
PTT Station,PTT (ปตท),14.89406,100.4246,https://maps.google.com/?cid=8890082893314726597&g_mp=Cilnb29nbGUubWFwcy5wbGFjZXMudjEuUGxhY2VzLlNlYXJjaE5lYXJieRACGAQgAA,3.91,✅,,,,,
PTT Station (With Jiffy),PTT (ปตท),14.88609,100.428,https://maps.google.com/?cid=17103431117316282949&g_mp=Cilnb29nbGUubWFwcy5wbGFjZXMudjEuUGxhY2VzLlNlYXJjaE5lYXJieRACGAQgAA,5.7,มียูเทิร์นไกล,U-turn อ้วน✅,,,,
Caltex Siam Singburi,Caltex (คาลเท็กซ์),14.88301,100.4319,https://maps.google.com/?cid=9491996724972006511&g_mp=Cilnb29nbGUubWFwcy5wbGFjZXMudjEuUGxhY2VzLlNlYXJjaE5lYXJieRACGAQgAA,0.55,✅ ,,,,,
PTT Station,PTT (ปตท),14.8788,100.4348,https://maps.google.com/?cid=2531858317302188449&g_mp=Cilnb29nbGUubWFwcy5wbGFjZXMudjEuUGxhY2VzLlNlYXJjaE5lYXJieRACGAQgAA,0.55,✅,,,,,
PTT EV Station สถานี้ชาร์จรถไฟฟ้า,PTT (ปตท),14.87874,100.4352,https://maps.google.com/?cid=6878791177020478957&g_mp=Cilnb29nbGUubWFwcy5wbGFjZXMudjEuUGxhY2VzLlNlYXJjaE5lYXJieRACGAQgAA,0,สถานที่นี้อาจปิดแล้ว,กดเข้าไปบางทีก็ขึ้น บางทีก็ไม่ขึ้น ,,,,
Bangchak Petrol Station,Bangchak (บางจาก),14.84985,100.4439,https://maps.google.com/?cid=11250785520983164427&g_mp=Cilnb29nbGUubWFwcy5wbGFjZXMudjEuUGxhY2VzLlNlYXJjaE5lYXJieRACGAQgAA,4.6,งงเส้นทาง,อันนี้ มี U-turn เล็กๆ ได้อยู่ หรือว่ายังไงนะ,,,,
PTT Station,PTT (ปตท),14.78926,100.4587,https://maps.google.com/?cid=14326976198506742895&g_mp=Cilnb29nbGUubWFwcy5wbGFjZXMudjEuUGxhY2VzLlNlYXJjaE5lYXJieRACGAQgAA,6.7,✅,,,,,
ปั้ม PT สาขาพรหมบุรี,PT (พีที),14.74381,100.4532,https://maps.google.com/?cid=13286467120397235399&g_mp=Cilnb29nbGUubWFwcy5wbGFjZXMudjEuUGxhY2VzLlNlYXJjaE5lYXJieRACGAQgAA,5.29,✅,,,,,
Shell Asia Station,Shell (เชลล์),14.74121,100.4534,https://maps.google.com/?cid=17301189840590487658&g_mp=Cilnb29nbGUubWFwcy5wbGFjZXMudjEuUGxhY2VzLlNlYXJjaE5lYXJieRACGAQgAA,4.9, งงเส้นทางเติมมัน,มันอยู่คนละฝั่งกับขามาเน๊อะ ก็ ขับวนเอา หรือคิดว่างาย,,,,
PTT Station (Petrol+LPG+EV),PTT (ปตท),14.73217,100.4554,https://maps.google.com/?cid=15453005973123862272&g_mp=Cilnb29nbGUubWFwcy5wbGFjZXMudjEuUGxhY2VzLlNlYXJjaE5lYXJieRACGAQgAA,2.08,✅,,,,,
Bangchak Station (Petrol+EV) Ilada Petroleum,Bangchak (บางจาก),14.72516,100.4543,https://maps.google.com/?cid=13309065751391681308&g_mp=Cilnb29nbGUubWFwcy5wbGFjZXMudjEuUGxhY2VzLlNlYXJjaE5lYXJieRACGAQgAA,3.3,มียูเทิร์นไกล,U-turn อ้วน✅,,,,
ปั๊มน้ำมัน พีที ไชโย,PT (พีที),14.6868,100.4639,https://maps.google.com/?cid=10815032875539773705&g_mp=Cilnb29nbGUubWFwcy5wbGFjZXMudjEuUGxhY2VzLlNlYXJjaE5lYXJieRACGAQgAA,4.33,✅,,,,,
PT Gas Station,PT (พีที),14.6814,100.4655,https://maps.google.com/?cid=16284789153146647931&g_mp=Cilnb29nbGUubWFwcy5wbGFjZXMudjEuUGxhY2VzLlNlYXJjaE5lYXJieRACGAQgAA,2.2,มียูเทิร์นไกล,U-turn อ้วน✅,,,,
PTT Station (Petrol+EV) Chai Yo,PTT (ปตท),14.66362,100.4713,https://maps.google.com/?cid=8392146599372988499&g_mp=Cilnb29nbGUubWFwcy5wbGFjZXMudjEuUGxhY2VzLlNlYXJjaE5lYXJieRACGAQgAA,2.18, งงเส้นทางเติมมัน,2 อันนี้งงอะไรนะ,,,,
Bangchak (Petrol+EV) Chaiyo,Bangchak (บางจาก),14.6655,100.4726,https://maps.google.com/?cid=7500075144312307240&g_mp=Cilnb29nbGUubWFwcy5wbGFjZXMudjEuUGxhY2VzLlNlYXJjaE5lYXJieRACGAQgAA,0, งงเส้นทางเติมมัน,///////,,,,
Caltex Prasert Chaiyo,Caltex (คาลเท็กซ์),14.66201,100.4731,https://maps.google.com/?cid=16049004622946130026&g_mp=Cilnb29nbGUubWFwcy5wbGFjZXMudjEuUGxhY2VzLlNlYXJjaE5lYXJieRACGAQgAA,0.59,✅,,,,,
PTT Station (NGV+Petrol+EV) Chaiyo (Inbound Bangkok) (Truck Park),PTT (ปตท),14.65651,100.4742,https://maps.google.com/?cid=6469850808433877229&g_mp=Cilnb29nbGUubWFwcy5wbGFjZXMudjEuUGxhY2VzLlNlYXJjaE5lYXJieRACGAQgAA,0.58,✅,,,,,
PTT Station (LPG+EV),PTT (ปตท),14.57445,100.4893,https://maps.google.com/?cid=6118538830717383498&g_mp=Cilnb29nbGUubWFwcy5wbGFjZXMudjEuUGxhY2VzLlNlYXJjaE5lYXJieRACGAQgAA,9.78,✅,,,,,
Shell,Shell (เชลล์),14.55816,100.4976,https://maps.google.com/?cid=254990715644869762&g_mp=Cilnb29nbGUubWFwcy5wbGFjZXMudjEuUGxhY2VzLlNlYXJjaE5lYXJieRACGAQgAA,2.02,✅,,,,,
PTT Station (With Jiffy),PTT (ปตท),14.55483,100.4988,https://maps.google.com/?cid=3294833536275133592&g_mp=Cilnb29nbGUubWFwcy5wbGFjZXMudjEuUGxhY2VzLlNlYXJjaE5lYXJieRACGAQgAA,0,✅,,,,,
Caltex หลวงปู่ทวด กม.44,Caltex (คาลเท็กซ์),14.53422,100.5033,https://maps.google.com/?cid=4663071824128339349&g_mp=Cilnb29nbGUubWFwcy5wbGFjZXMudjEuUGxhY2VzLlNlYXJjaE5lYXJieRACGAQgAA,2.64,✅,,,,,
บางจาก พงษ์สุภาพร ออยล์,Bangchak (บางจาก),14.50712,100.5179,https://maps.google.com/?cid=2091143178332465127&g_mp=Cilnb29nbGUubWFwcy5wbGFjZXMudjEuUGxhY2VzLlNlYXJjaE5lYXJieRACGAQgAA,3.17,✅,,,,,
PTT Station,PTT (ปตท),14.50203,100.5202,https://maps.google.com/?cid=3265198286098244250&g_mp=Cilnb29nbGUubWFwcy5wbGFjZXMudjEuUGxhY2VzLlNlYXJjaE5lYXJieRACGAQgAA,0.53,✅,,,,,
PT สาขาโชคดี ออยล์,PT (พีที),14.50417,100.5213,https://maps.google.com/?cid=15817508393028576232&g_mp=Cilnb29nbGUubWFwcy5wbGFjZXMudjEuUGxhY2VzLlNlYXJjaE5lYXJieRACGAQgAA,0,✅,,,,,
"PT Gas Station Bangpahan (Punthai , Max Mart)",PT (พีที),14.48485,100.527,https://maps.google.com/?cid=4768530345018063564&g_mp=Cilnb29nbGUubWFwcy5wbGFjZXMudjEuUGxhY2VzLlNlYXJjaE5lYXJieRACGAQgAA,11.7,อยู่ฝั่งตรงข้าม,U-turn อ้วน✅,,,,
PTT Station,PTT (ปตท),14.47522,100.5318,https://maps.google.com/?cid=7623577799370832263&g_mp=Cilnb29nbGUubWFwcy5wbGFjZXMudjEuUGxhY2VzLlNlYXJjaE5lYXJieRACGAQgAA,1.05,✅,,,,,
PTT Station,PTT (ปตท),14.45775,100.5381,https://maps.google.com/?cid=2091143176839146950&g_mp=Cilnb29nbGUubWFwcy5wbGFjZXMudjEuUGxhY2VzLlNlYXJjaE5lYXJieRACGAQgAA,2.13,ยูเทิร์น,U-turn ✅,,,,
PTT Station,PTT (ปตท),14.42443,100.5613,https://maps.google.com/?cid=13111483373527312017&g_mp=Cilnb29nbGUubWFwcy5wbGFjZXMudjEuUGxhY2VzLlNlYXJjaE5lYXJieRACGAQgAA,4.71,ยูเทิร์น,U-turn ✅,,,,
PT,PT (พีที),14.41787,100.5674,https://maps.google.com/?cid=16132546297640685341&g_mp=Cilnb29nbGUubWFwcy5wbGFjZXMudjEuUGxhY2VzLlNlYXJjaE5lYXJieRACGAQgAA,1.09,ยูเทริน+ระยะทาง,U-turn ✅,,,,
PT Gas Station Nakhonloung4 (Max Mart),PT (พีที),14.40738,100.5828,https://maps.google.com/?cid=6938013691355356076&g_mp=Cilnb29nbGUubWFwcy5wbGFjZXMudjEuUGxhY2VzLlNlYXJjaE5lYXJieRACGAQgAA,2.18,✅,,,,,
PT Gas Station Nakhonluang2 (Punthai),PT (พีที),14.40527,100.5824,https://maps.google.com/?cid=8104639085486572582&g_mp=Cilnb29nbGUubWFwcy5wbGFjZXMudjEuUGxhY2VzLlNlYXJjaE5lYXJieRACGAQgAA,1.2,ยูเทริน+ระยะทาง,U-turn ✅,,,,
PTT,PTT (ปตท),14.39503,100.5938,https://maps.google.com/?cid=80219668706024841&g_mp=Cilnb29nbGUubWFwcy5wbGFjZXMudjEuUGxhY2VzLlNlYXJjaE5lYXJieRACGAQgAA,1.63,✅,,,,,
PTT Station (LPG+EV),PTT (ปตท),14.39121,100.5976,https://maps.google.com/?cid=8106917783638113482&g_mp=Cilnb29nbGUubWFwcy5wbGFjZXMudjEuUGxhY2VzLlNlYXJjaE5lYXJieRACGAQgAA,0.55,✅,,,,,
PTT Station,PTT (ปตท),14.37999,100.6075,https://maps.google.com/?cid=10193184517412522004&g_mp=Cilnb29nbGUubWFwcy5wbGFjZXMudjEuUGxhY2VzLlNlYXJjaE5lYXJieRACGAQgAA,5.3,ยูเทิร์น+ระยะทาง,U-turn อ้วน✅,,,,
ปั๊มบางจาก (บจก.พร้อมทรัพย์),Bangchak (บางจาก),14.35437,100.6124,https://maps.google.com/?cid=12777542639038978416&g_mp=Cilnb29nbGUubWFwcy5wbGFjZXMudjEuUGxhY2VzLlNlYXJjaE5lYXJieRACGAQgAA,3.2,✅,,,,,
PTT NGV ปตท.เอ็นจีวี อยุธยา ดีเวลล๊อปเม้นท์,PTT (ปตท),14.33566,100.6186,https://maps.google.com/?cid=9575476059024513059&g_mp=Cilnb29nbGUubWFwcy5wbGFjZXMudjEuUGxhY2VzLlNlYXJjaE5lYXJieRACGAQgAA,2.1,ยูเทิร์น+ระยะทาง,U-turn อ้วน✅,,,,
Bangchak Station (Petrol+EV) Asian Highway 2,Bangchak (บางจาก),14.32422,100.6141,https://maps.google.com/?cid=8804586544022985587&g_mp=Cilnb29nbGUubWFwcy5wbGFjZXMudjEuUGxhY2VzLlNlYXJjaE5lYXJieRACGAQgAA,0,✅,,,,,
PTT Gas Station,PTT (ปตท),14.32248,100.6143,https://maps.google.com/?cid=11284508652725984132&g_mp=Cilnb29nbGUubWFwcy5wbGFjZXMudjEuUGxhY2VzLlNlYXJjaE5lYXJieRACGAQgAA,0.4,ถนนหลายเส้นงง,งงอะไรนะ55,,,,
ปตท.ทางเข้าอยุธยา,PTT (ปตท),14.3131,100.6124,https://maps.google.com/?cid=8987780833758180408&g_mp=Cilnb29nbGUubWFwcy5wbGFjZXMudjEuUGxhY2VzLlNlYXJjaE5lYXJieRACGAQgAA,1.6,✅,โซนนี้ปั๊มส่วนใหญ่มันอยู่อีกฝั่งหมดเนาะ,,,,
PTT Station (Petrol+EV),PTT (ปตท),14.30416,100.6143,https://maps.google.com/?cid=13571706379007212698&g_mp=Cilnb29nbGUubWFwcy5wbGFjZXMudjEuUGxhY2VzLlNlYXJjaE5lYXJieRACGAQgAA,1.03,ยูเทิร์น,เดียวคุยกันว่าเอาไง ,,,,
Shell,Shell (เชลล์),14.29672,100.6122,https://maps.google.com/?cid=14375331336399741616&g_mp=Cilnb29nbGUubWFwcy5wbGFjZXMudjEuUGxhY2VzLlNlYXJjaE5lYXJieRACGAQgAA,1.03,ยูเทิร์น+ระยะทาง,/,,,,
PTT Bang Pa IN,PTT (ปตท),14.2665,100.6122,https://maps.google.com/?cid=10302303993550873998&g_mp=Cilnb29nbGUubWFwcy5wbGFjZXMudjEuUGxhY2VzLlNlYXJjaE5lYXJieRACGAQgAA,0,ยูเทิร์น+ระยะทาง,/,,,,
ปั๊มบางจาก (น้ำมัน+EV) สายเอเซีย,Bangchak (บางจาก),14.26547,100.6125,https://maps.google.com/?cid=5242457343042499154&g_mp=Cilnb29nbGUubWFwcy5wbGFjZXMudjEuUGxhY2VzLlNlYXJjaE5lYXJieRACGAQgAA,0.2,ยูเทิร์น+ระยะทาง,/,,,,
ปตท ก่อนแยกเข้าโรจนะ,PTT (ปตท),14.26642,100.6131,https://maps.google.com/?cid=14123904150836046568&g_mp=Cilnb29nbGUubWFwcy5wbGFjZXMudjEuUGxhY2VzLlNlYXJjaE5lYXJieRACGAQgAA,0.2,ฝั่งตรงข้าม,/,,,,
ปั๊ม Sinopec Susco สาขา อยุธยา ก.ม. 63,Susco (ซัสโก้),14.26822,100.6122,https://maps.google.com/?cid=9393359971148176591&g_mp=Cilnb29nbGUubWFwcy5wbGFjZXMudjEuUGxhY2VzLlNlYXJjaE5lYXJieRACGAQgAA,0.3,ฝั่งตรงข้าม,/,,,,
Shell,Shell (เชลล์),14.21848,100.6109,https://maps.google.com/?cid=13822760516372970719&g_mp=Cilnb29nbGUubWFwcy5wbGFjZXMudjEuUGxhY2VzLlNlYXJjaE5lYXJieRACGAQgAA,4.9,ยูเทิร์น+,,,,,
PTT Station (Petrol+EV) Bang Pa-in,PTT (ปตท),14.22848,100.6103,https://maps.google.com/?cid=16505640215371376424&g_mp=Cilnb29nbGUubWFwcy5wbGFjZXMudjEuUGxhY2VzLlNlYXJjaE5lYXJieRACGAQgAA,4.22,ฝั่งตรงข้าม,/,,,,
Bangchak Siam Suksawat - Bang Pa-In Station,Bangchak (บางจาก),14.21201,100.6099,https://maps.google.com/?cid=11859373518031656428&g_mp=Cilnb29nbGUubWFwcy5wbGFjZXMudjEuUGxhY2VzLlNlYXJjaE5lYXJieRACGAQgAA,0.6,✅,,,,,
PTT Station (With Jiffy),PTT (ปตท),14.2029,100.6079,https://maps.google.com/?cid=4628959011320103193&g_mp=Cilnb29nbGUubWFwcy5wbGFjZXMudjEuUGxhY2VzLlNlYXJjaE5lYXJieRACGAQgAA,0.53,✅ยูเทิร์น+,,,,,
CALTEX,Caltex (คาลเท็กซ์),14.18994,100.6102,https://maps.google.com/?cid=29867812625853841&g_mp=Cilnb29nbGUubWFwcy5wbGFjZXMudjEuUGxhY2VzLlNlYXJjaE5lYXJieRACGAQgAA,1.63,ยูเทิร์นไกล+ระยะทาง,/,,,,
ปั๊มบางจาก สาขาบางปะอิน 1 (ขาขึ้นภาคเหนือ),Bangchak (บางจาก),14.18474,100.6127,https://maps.google.com/?cid=15228491273830382152&g_mp=Cilnb29nbGUubWFwcy5wbGFjZXMudjEuUGxhY2VzLlNlYXJjaE5lYXJieRACGAQgAA,0.4,งงเส้นทางมาก,/,,,,
PTT Station (With Jiffy),PTT (ปตท),14.16834,100.6189,https://maps.google.com/?cid=16636626509160575175&g_mp=Cilnb29nbGUubWFwcy5wbGFjZXMudjEuUGxhY2VzLlNlYXJjaE5lYXJieRACGAQgAA,1.3,ฝั่ั่่งตรงข้าม,/,,,,
PTT Station,PTT (ปตท),14.15318,100.5608,https://maps.google.com/?cid=7077905371369050165&g_mp=Cilnb29nbGUubWFwcy5wbGFjZXMudjEuUGxhY2VzLlNlYXJjaE5lYXJieRACGAQgAA,6.34,ฝั่ั่่งตรงข้าม,/,,,,
PTT Station พรอรุณ เชียงรากน้อย กาญจนาภิเษก (ขาเข้า),PTT (ปตท),14.15222,100.5613,https://maps.google.com/?cid=15872160367690293902&g_mp=Cilnb29nbGUubWFwcy5wbGFjZXMudjEuUGxhY2VzLlNlYXJjaE5lYXJieRACGAQgAA,0,✅งง,,,,,
ปั๊มน้ำมันคาลเท็กซ์ สามโคก,Caltex (คาลเท็กซ์),14.12001,100.5703,https://maps.google.com/?cid=17026374684681735183&g_mp=Cilnb29nbGUubWFwcy5wbGFjZXMudjEuUGxhY2VzLlNlYXJjaE5lYXJieRACGAQgAA,8.6,✅งง,,,,,
PTT Lpg+,PTT (ปตท),14.1132,100.5694,https://maps.google.com/?cid=6814902160085576221&g_mp=Cilnb29nbGUubWFwcy5wbGFjZXMudjEuUGxhY2VzLlNlYXJjaE5lYXJieRACGAQgAA,0.51,งงเส้นทาง ปั้มมันไกลเกินไปกับเส้นมา,อันนี้งงอะไรนะ,,,,
PT Station Samkhok3,PT (พีที),14.1092,100.5709,https://maps.google.com/?cid=11021122677789253144&g_mp=Cilnb29nbGUubWFwcy5wbGFjZXMudjEuUGxhY2VzLlNlYXJjaE5lYXJieRACGAQgAA,0.52,งงเส้นทาง,อันนี้งงอะไรนะ,,,,
Caltex Purethai Chiang Rak Noi,Caltex (คาลเท็กซ์),14.09096,100.5701,https://maps.google.com/?cid=17629158456767872564&g_mp=Cilnb29nbGUubWFwcy5wbGFjZXMudjEuUGxhY2VzLlNlYXJjaE5lYXJieRACGAQgAA,2.04,ฝั่งตรงข้าม,/,,,,
PT Gas Station Sam Khok 2,PT (พีที),14.08972,100.5701,https://maps.google.com/?cid=9888439910697156623&g_mp=Cilnb29nbGUubWFwcy5wbGFjZXMudjEuUGxhY2VzLlNlYXJjaE5lYXJieRACGAQgAA,0,ฝั่งตรงข้าม,/,,,,
"ปั๊มน้ำมันพีที บางพูน (กาแฟพันธุ์ไทย, Max Mart)",PT (พีที),13.99931,100.5724,https://maps.google.com/?cid=4518146631778373176&g_mp=Cilnb29nbGUubWFwcy5wbGFjZXMudjEuUGxhY2VzLlNlYXJjaE5lYXJieRACGAQgAA,9.6,ระยะทาง+งงเส้นทาง,,,,,
Shell,Shell (เชลล์),13.99746,100.5746,https://maps.google.com/?cid=50539138578917299&g_mp=Cilnb29nbGUubWFwcy5wbGFjZXMudjEuUGxhY2VzLlNlYXJjaE5lYXJieRACGAQgAA,0.2,✅,,,,,
Bangchak,Bangchak (บางจาก),13.97509,100.5767,https://maps.google.com/?cid=2740651700552310946&g_mp=Cilnb29nbGUubWFwcy5wbGFjZXMudjEuUGxhY2VzLlNlYXJjaE5lYXJieRACGAQgAA,3.2,✅,,,,,
PTT Station Rangsit-Tiwanon,PTT (ปตท),13.97207,100.5642,https://maps.google.com/?cid=1704937418813507018&g_mp=Cilnb29nbGUubWFwcy5wbGFjZXMudjEuUGxhY2VzLlNlYXJjaE5lYXJieRACGAQgAA,2.3,✅,,,,,
PTT station - Active Park,PTT (ปตท),13.91144,100.5424,https://maps.google.com/?cid=2078481159503357207&g_mp=Cilnb29nbGUubWFwcy5wbGFjZXMudjEuUGxhY2VzLlNlYXJjaE5lYXJieRACGAQgAA,8,✅ อ้อมทางไกลจากปั้มบน,,,,,
ปั๊มน้ำมันบางจาก - เมืองทองธานี,Bangchak (บางจาก),13.90955,100.5384,,0.4,✅,,,,,
ปั๊มน้ำมันบางจาก แจ้งวัฒนะ 38 (บจ. เอเวอร์กรีน แจ้งวัฒนะ)​,Bangchak (บางจาก),13.89719,100.5476,https://maps.google.com/?cid=8772783389217961853&g_mp=Cilnb29nbGUubWFwcy5wbGFjZXMudjEuUGxhY2VzLlNlYXJjaE5lYXJieRACGAQgAA,2.1,✅,,,,,
PT Gas Station,PT (พีที),13.90157,100.5358,https://maps.google.com/?cid=7700502700767239970&g_mp=Cilnb29nbGUubWFwcy5wbGFjZXMudjEuUGxhY2VzLlNlYXJjaE5lYXJieRACGAQgAA,0.9,✅,,,,,
Shell,Shell (เชลล์),13.88188,100.5337,https://maps.google.com/?cid=2675794831682556135&g_mp=Cilnb29nbGUubWFwcy5wbGFjZXMudjEuUGxhY2VzLlNlYXJjaE5lYXJieRACGAQgAA,0.4,อ้อมทางไกลจากปั้มบน ✅,,,,,
Bangchak,Bangchak (บางจาก),13.85859,100.5283,https://maps.google.com/?cid=4015570328810372217&g_mp=Cilnb29nbGUubWFwcy5wbGFjZXMudjEuUGxhY2VzLlNlYXJjaE5lYXJieRACGAQgAA,4,,,,,,
Bangchak,Bangchak (บางจาก),13.8585,100.5301,https://maps.google.com/?cid=17287940954567811156&g_mp=Cilnb29nbGUubWFwcy5wbGFjZXMudjEuUGxhY2VzLlNlYXJjaE5lYXJieRACGAQgAA,0.2,✅,,,,,
PTT Station,PTT (ปตท),13.85476,100.5298,https://maps.google.com/?cid=13476458598644290213&g_mp=Cilnb29nbGUubWFwcy5wbGFjZXMudjEuUGxhY2VzLlNlYXJjaE5lYXJieRACGAQgAA,2.1,✅,,,,,
PTT Rest Area,PTT (ปตท),13.84075,100.534,https://maps.google.com/?cid=14357607030643969018&g_mp=Cilnb29nbGUubWFwcy5wbGFjZXMudjEuUGxhY2VzLlNlYXJjaE5lYXJieRACGAQgAA,3.8,✅,,,,,
PTT (Pimon Rungruang (1991) Company Limited),PTT (ปตท),13.83517,100.54,https://maps.google.com/?cid=12705991043800136068&g_mp=Cilnb29nbGUubWFwcy5wbGFjZXMudjEuUGxhY2VzLlNlYXJjaE5lYXJieRACGAQgAA,3.8,✅,,,,,
Caltex C.Trac Energy,Caltex (คาลเท็กซ์),13.83041,100.5436,https://maps.google.com/?cid=10118381257796323888&g_mp=Cilnb29nbGUubWFwcy5wbGFjZXMudjEuUGxhY2VzLlNlYXJjaE5lYXJieRACGAQgAA,0.7,✅ ยังก่อน,,,,,
ปั๊มน้ำมันบางจาก - บจก. กำแพงเพชร ปิโตรเลียม,Bangchak (บางจาก),13.8261,100.5503,https://maps.google.com/?cid=452197677016901186&g_mp=Cilnb29nbGUubWFwcy5wbGFjZXMudjEuUGxhY2VzLlNlYXJjaE5lYXJieRACGAQgAA,1.3,✅,,,,,
PTT,PTT (ปตท),13.80882,100.5483,https://maps.google.com/?cid=17745672241374093962&g_mp=Cilnb29nbGUubWFwcy5wbGFjZXMudjEuUGxhY2VzLlNlYXJjaE5lYXJieRACGAQgAA,1.3,✅,,,,,
Bangchak,Bangchak (บางจาก),13.78853,100.5363,https://maps.google.com/?cid=12382957879791008004&g_mp=Cilnb29nbGUubWFwcy5wbGFjZXMudjEuUGxhY2VzLlNlYXJjaE5lYXJieRACGAQgAA,2.1,✅,,,,,
Bangchak,Bangchak (บางจาก),13.80075,100.5381,https://maps.google.com/?cid=6820678596568239919&g_mp=Cilnb29nbGUubWFwcy5wbGFjZXMudjEuUGxhY2VzLlNlYXJjaE5lYXJieRACGAQgAA,1.1,✅,,,,,
Bangchak,Bangchak (บางจาก),13.77771,100.532,https://maps.google.com/?cid=2219009462404570631&g_mp=Cilnb29nbGUubWFwcy5wbGFjZXMudjEuUGxhY2VzLlNlYXJjaE5lYXJieRACGAQgAA,2,✅  งงค่อยกลับมาทำ,,,,,
Bangchak petrol station - Public Relations Department,Bangchak (บางจาก),13.78341,100.5394,https://maps.google.com/?cid=12910315339757474604&g_mp=Cilnb29nbGUubWFwcy5wbGFjZXMudjEuUGxhY2VzLlNlYXJjaE5lYXJieRACGAQgAA,1.3,✅,,,,,
Caltex Siambest Service,Caltex (คาลเท็กซ์),13.75551,100.5249,https://maps.google.com/?cid=13096133585624719900&g_mp=Cilnb29nbGUubWFwcy5wbGFjZXMudjEuUGxhY2VzLlNlYXJjaE5lYXJieRACGAQgAA,3.2,✅,,,,,
Shell,Shell (เชลล์),13.75129,100.5256,https://maps.google.com/?cid=15811480290994164795&g_mp=Cilnb29nbGUubWFwcy5wbGFjZXMudjEuUGxhY2VzLlNlYXJjaE5lYXJieRACGAQgAA,0.4,✅,,,,,
PT,PT (พีที),13.75666,100.5105,https://maps.google.com/?cid=11565290655856667173&g_mp=Cilnb29nbGUubWFwcy5wbGFjZXMudjEuUGxhY2VzLlNlYXJjaE5lYXJieRACGAQgAA,1.5,✅,,,,,
Sinopec Susco Lan Luang,Susco (ซัสโก้),13.75617,100.5078,https://maps.google.com/?cid=6627175782244586082&g_mp=Cilnb29nbGUubWFwcy5wbGFjZXMudjEuUGxhY2VzLlNlYXJjaE5lYXJieRACGAQgAA,0.3,✅,,,,,
Shell,Shell (เชลล์),13.75057,100.5044,https://maps.google.com/?cid=16126814166967113390&g_mp=Cilnb29nbGUubWFwcy5wbGFjZXMudjEuUGxhY2VzLlNlYXJjaE5lYXJieRACGAQgAA,0.8,✅,,,,,
Shell,Shell (เชลล์),13.75001,100.5001,https://maps.google.com/?cid=4804146395239139473&g_mp=Cilnb29nbGUubWFwcy5wbGFjZXMudjEuUGxhY2VzLlNlYXJjaE5lYXJieRACGAQgAA,0.7,✅,,,,,